library,object,path
libesp_hw_support.a,rtc_module.c.obj,esp-idf/esp_hw_support/CMakeFiles/__idf_esp_hw_support.dir/rtc_module.c.obj
libesp_hw_support.a,sleep_modes.c.obj,esp-idf/esp_hw_support/CMakeFiles/__idf_esp_hw_support.dir/sleep_modes.c.obj
libesp_hw_support.a,periph_ctrl.c.obj,esp-idf/esp_hw_support/CMakeFiles/__idf_esp_hw_support.dir/periph_ctrl.c.obj
libesp_hw_support.a,esp_clk.c.obj,esp-idf/esp_hw_support/CMakeFiles/__idf_esp_hw_support.dir/esp_clk.c.obj
libesp_hw_support.a,esp_memory_utils.c.obj,esp-idf/esp_hw_support/CMakeFiles/__idf_esp_hw_support.dir/esp_memory_utils.c.obj
libesp_hw_support.a,cpu.c.obj,esp-idf/esp_hw_support/CMakeFiles/__idf_esp_hw_support.dir/cpu.c.obj
libesp_system.a,cpu_start.c.obj,esp-idf/esp_system/CMakeFiles/__idf_esp_system.dir/port/cpu_start.c.obj
libesp_system.a,crosscore_int.c.obj,esp-idf/esp_system/CMakeFiles/__idf_esp_system.dir/crosscore_int.c.obj
libesp_system.a,panic_handler.c.obj,esp-idf/esp_system/CMakeFiles/__idf_esp_system.dir/port/panic_handler.c.obj
libesp_system.a,freertos_hooks.c.obj,esp-idf/esp_system/CMakeFiles/__idf_esp_system.dir/freertos_hooks.c.obj
libesp_system.a,task_wdt.c.obj,esp-idf/esp_system/CMakeFiles/__idf_esp_system.dir/task_wdt/task_wdt.c.obj
libesp_system.a,task_wdt_impl_timergroup.c.obj,esp-idf/esp_system/CMakeFiles/__idf_esp_system.dir/task_wdt/task_wdt_impl_timergroup.c.obj
libesp_timer.a,esp_timer_impl_systimer.c.obj,esp-idf/esp_timer/CMakeFiles/__idf_esp_timer.dir/src/esp_timer_impl_systimer.c.obj
libesp_timer.a,esp_timer.c.obj,esp-idf/esp_timer/CMakeFiles/__idf_esp_timer.dir/src/esp_timer.c.obj
libfreertos.a,port_systick.c.obj,esp-idf/freertos/CMakeFiles/__idf_freertos.dir/FreeRTOS-Kernel/portable/port_systick.c.obj
libfreertos.a,portasm.S.obj,esp-idf/freertos/CMakeFiles/__idf_freertos.dir/FreeRTOS-Kernel/portable/riscv/portasm.S.obj
libfreertos.a,port.c.obj,esp-idf/freertos/CMakeFiles/__idf_freertos.dir/FreeRTOS-Kernel/portable/riscv/port.c.obj
libfreertos.a,tasks.c.obj,esp-idf/freertos/CMakeFiles/__idf_freertos.dir/FreeRTOS-Kernel/tasks.c.obj
libfreertos.a,port_common.c.obj,esp-idf/freertos/CMakeFiles/__idf_freertos.dir/FreeRTOS-Kernel/portable/port_common.c.obj
libfreertos.a,queue.c.obj,esp-idf/freertos/CMakeFiles/__idf_freertos.dir/FreeRTOS-Kernel/queue.c.obj
libfreertos.a,list.c.obj,esp-idf/freertos/CMakeFiles/__idf_freertos.dir/FreeRTOS-Kernel/list.c.obj
libhal.a,spi_flash_hal_iram.c.obj,esp-idf/hal/CMakeFiles/__idf_hal.dir/spi_flash_hal_iram.c.obj
libhal.a,systimer_hal.c.obj,esp-idf/hal/CMakeFiles/__idf_hal.dir/systimer_hal.c.obj
libspi_flash.a,flash_mmap.c.obj,esp-idf/spi_flash/CMakeFiles/__idf_spi_flash.dir/flash_mmap.c.obj
libspi_flash.a,cache_utils.c.obj,esp-idf/spi_flash/CMakeFiles/__idf_spi_flash.dir/cache_utils.c.obj
libesp_pm.a,pm_impl.c.obj,esp-idf/esp_pm/CMakeFiles/__idf_esp_pm.dir/pm_impl.c.obj
libesp_pm.a,pm_locks.c.obj,esp-idf/esp_pm/CMakeFiles/__idf_esp_pm.dir/pm_locks.c.obj
libesp_phy.a,phy_init.c.obj,esp-idf/esp_phy/CMakeFiles/__idf_esp_phy.dir/src/phy_init.c.obj
libnewlib.a,locks.c.obj,esp-idf/newlib/CMakeFiles/__idf_newlib.dir/locks.c.obj
libnewlib.a,assert.c.obj,esp-idf/newlib/CMakeFiles/__idf_newlib.dir/assert.c.obj
libesp_wifi.a,esp_adapter.c.obj,esp-idf/esp_wifi/CMakeFiles/__idf_esp_wifi.dir/esp32c3/esp_adapter.c.obj
libesp_wifi.a,wifi_init.c.obj,esp-idf/esp_wifi/CMakeFiles/__idf_esp_wifi.dir/src/wifi_init.c.obj
libesp_netif.a,ethernetif.c.obj,esp-idf/esp_netif/CMakeFiles/__idf_esp_netif.dir/lwip/netif/ethernetif.c.obj
libesp_netif.a,wlanif.c.obj,esp-idf/esp_netif/CMakeFiles/__idf_esp_netif.dir/lwip/netif/wlanif.c.obj
libesp_netif.a,esp_pbuf_ref.c.obj,esp-idf/esp_netif/CMakeFiles/__idf_esp_netif.dir/lwip/netif/esp_pbuf_ref.c.obj
libesp_netif.a,esp_netif_lwip.c.obj,esp-idf/esp_netif/CMakeFiles/__idf_esp_netif.dir/lwip/esp_netif_lwip.c.obj
liblwip.a,sockets.c.obj,esp-idf/lwip/CMakeFiles/__idf_lwip.dir/lwip/src/api/sockets.c.obj
liblwip.a,api_lib.c.obj,esp-idf/lwip/CMakeFiles/__idf_lwip.dir/lwip/src/api/api_lib.c.obj
liblwip.a,api_msg.c.obj,esp-idf/lwip/CMakeFiles/__idf_lwip.dir/lwip/src/api/api_msg.c.obj
liblwip.a,netbuf.c.obj,esp-idf/lwip/CMakeFiles/__idf_lwip.dir/lwip/src/api/netbuf.c.obj
liblwip.a,tcpip.c.obj,esp-idf/lwip/CMakeFiles/__idf_lwip.dir/lwip/src/api/tcpip.c.obj
liblwip.a,inet_chksum.c.obj,esp-idf/lwip/CMakeFiles/__idf_lwip.dir/lwip/src/core/inet_chksum.c.obj
liblwip.a,etharp.c.obj,esp-idf/lwip/CMakeFiles/__idf_lwip.dir/lwip/src/core/ipv4/etharp.c.obj
liblwip.a,ip4_addr.c.obj,esp-idf/lwip/CMakeFiles/__idf_lwip.dir/lwip/src/core/ipv4/ip4_addr.c.obj
liblwip.a,ip4.c.obj,esp-idf/lwip/CMakeFiles/__idf_lwip.dir/lwip/src/core/ipv4/ip4.c.obj
liblwip.a,pbuf.c.obj,esp-idf/lwip/CMakeFiles/__idf_lwip.dir/lwip/src/core/pbuf.c.obj
liblwip.a,udp.c.obj,esp-idf/lwip/CMakeFiles/__idf_lwip.dir/lwip/src/core/udp.c.obj
liblwip.a,ethernet.c.obj,esp-idf/lwip/CMakeFiles/__idf_lwip.dir/lwip/src/netif/ethernet.c.obj
liblwip.a,sys_arch.c.obj,esp-idf/lwip/CMakeFiles/__idf_lwip.dir/port/esp32/freertos/sys_arch.c.obj
liblwip.a,lwip_default_hooks.c.obj,esp-idf/lwip/CMakeFiles/__idf_lwip.dir/port/esp32/hooks/lwip_default_hooks.c.obj
